Chrom_ID	VarStart	VarStop	Plex	VarType	Chromosome	Locus	RefAllele	VarPos	Concat	Class	Order	Present
Pf3D7_02_v3_376222_K1929E_A	47	48	PFA_GRC2	SNP	Pf3D7_02_v3	376222	A	48	Pf3D7_02_v3:376222	Barcode	1	Yes
Pf3D7_02_v3_470013_G75E_A	47	48	PFA_GRC1	SNP	Pf3D7_02_v3	470013	G	48	Pf3D7_02_v3:470013	Barcode	2	Yes
Pf3D7_03_v3_656861_129V_A	147	148	PFA_GRC1	SNP	Pf3D7_03_v3	656861	T	148	Pf3D7_03_v3:656861	Barcode	3	Yes
Pf3D7_04_v3_110442_G285E_A	37	38	PFA_GRC2	SNP	Pf3D7_04_v3	110442	C	38	Pf3D7_04_v3:110442	Barcode	4	Yes
Pf3D7_04_v3_881571_1081R_A	157	158	PFA_GRC1	SNP	Pf3D7_04_v3	881571	A	158	Pf3D7_04_v3:881571	Barcode	5	Yes
Pf3D7_05_v3_350933	123	124	PFA_GRC2	SNP	Pf3D7_05_v3	350933	G	124	Pf3D7_05_v3:350933	Barcode	6	Yes
Pf3D7_05_v3_369740_907L_A	54	55	PFA_GRC1	SNP	Pf3D7_05_v3	369740	T	55	Pf3D7_05_v3:369740	Barcode	7	Yes
Pf3D7_06_v3_900278_P696S_A	187	188	PFA_GRC1	SNP	Pf3D7_06_v3	900278	G	188	Pf3D7_06_v3:900278	Barcode	8	Yes
Pf3D7_07_v3_1044052_686K_A	65	66	PFA_GRC2	SNP	Pf3D7_07_v3	1044052	T	66	Pf3D7_07_v3:1044052	Barcode	9	Yes
Pf3D7_08_v3_1314831_1342K_A	30	31	PFA_GRC1	SNP	Pf3D7_08_v3	1314831	G	31	Pf3D7_08_v3:1314831	Barcode	10	Yes
Pf3D7_08_v3_413067_1044V_A	76	77	PFA_GRC2	SNP	Pf3D7_08_v3	413067	A	77	Pf3D7_08_v3:413067	Barcode	11	Yes
Pf3D7_09_v3_900277_1534E_A	144	145	PFA_GRC1	SNP	Pf3D7_09_v3	900277	A	145	Pf3D7_09_v3:900277	Barcode	12	Yes
Pf3D7_11_v3_1018899_1199L_A	196	197	PFA_GRC2	SNP	Pf3D7_11_v3	1018899	T	197	Pf3D7_11_v3:1018899	Barcode	13	Yes
Pf3D7_11_v3_1815412_E765Q	162	163	PFA_GRC1	SNP	Pf3D7_11_v3	1815412	C	163	Pf3D7_11_v3:1815412	Barcode	14	Yes
Pf3D7_13_v3_1056452_1234D	35	36	PFA_GRC1	SNP	Pf3D7_13_v3	1056452	T	36	Pf3D7_13_v3:1056452	Barcode	15	Yes
Pf3D7_13_v3_1466422	224	225	PFA_GRC2	SNP	Pf3D7_13_v3	1466422	G	225	Pf3D7_13_v3:1466422	Barcode	16	Yes
Pf3D7_14_v3_137622_1179V_A	190	191	PFA_GRC1	SNP	Pf3D7_14_v3	137622	T	191	Pf3D7_14_v3:137622	Barcode	17	Yes
Pf3D7_14_v3_2164225_2830S_B	171	172	PFA_GRC1	SNP	Pf3D7_14_v3	2164225	A	172	Pf3D7_14_v3:2164225	Barcode	18	Yes
Pf3D7_01_v3_145515_294I_A	128	129	PFA_GRC1	SNP	Pf3D7_01_v3	145515	T	129	Pf3D7_01_v3:145515	Barcode	19	Yes
Pf3D7_03_v3_548178_R2L_A	160	161	PFA_GRC2	SNP	Pf3D7_03_v3	548178	C	161	Pf3D7_03_v3:548178	Barcode	20	Yes
Pf3D7_04_v3_1102392_E808D_A	27	28	PFA_GRC2	SNP	Pf3D7_04_v3	1102392	A	28	Pf3D7_04_v3:1102392	Barcode	21	Yes
Pf3D7_04_v3_139051_K438N_A	165	166	PFA_GRC1	SNP	Pf3D7_04_v3	139051	G	166	Pf3D7_04_v3:139051	Barcode	22	Yes
Pf3D7_04_v3_286542_H586N	81	82	PFA_GRC2	SNP	Pf3D7_04_v3	286542	G	82	Pf3D7_04_v3:286542	Barcode	23	Yes
Pf3D7_04_v3_529500_1477Y_A	186	187	PFA_GRC2	SNP	Pf3D7_04_v3	529500	G	187	Pf3D7_04_v3:529500	Barcode	24	Yes
Pf3D7_05_v3_796714_396K_A	61	62	PFA_GRC2	SNP	Pf3D7_05_v3	796714	A	62	Pf3D7_05_v3:796714	Barcode	25	Yes
Pf3D7_07_v3_1256331_L321F_A	27	28	PFA_GRC1	SNP	Pf3D7_07_v3	1256331	C	28	Pf3D7_07_v3:1256331	Barcode	26	Yes
Pf3D7_07_v3_461139	159	160	PFA_GRC2	SNP	Pf3D7_07_v3	461139	G	160	Pf3D7_07_v3:461139	Barcode	27	Yes
Pf3D7_07_v3_619957_675R_A	26	27	PFA_GRC1	SNP	Pf3D7_07_v3	619957	G	27	Pf3D7_07_v3:619957	Barcode	28	Yes
Pf3D7_08_v3_417335_R244K_A	145	146	PFA_GRC1	SNP	Pf3D7_08_v3	417335	C	146	Pf3D7_08_v3:417335	Barcode	29	Yes
Pf3D7_09_v3_163977_403D_A	106	107	PFA_GRC2	SNP	Pf3D7_09_v3	163977	C	107	Pf3D7_09_v3:163977	Barcode	30	Yes
Pf3D7_10_v3_317581_311I_A	134	135	PFA_GRC2	SNP	Pf3D7_10_v3	317581	A	135	Pf3D7_10_v3:317581	Barcode	31	Yes
Pf3D7_10_v3_336274_I1677V_A	151	152	PFA_GRC2	SNP	Pf3D7_10_v3	336274	A	152	Pf3D7_10_v3:336274	Barcode	32	Yes
Pf3D7_11_v3_1020397_G700E_A	107	108	PFA_GRC1	SNP	Pf3D7_11_v3	1020397	C	108	Pf3D7_11_v3:1020397	Barcode	33	Yes
Pf3D7_11_v3_1294107_84A_A	23	24	PFA_GRC2	SNP	Pf3D7_11_v3	1294107	C	24	Pf3D7_11_v3:1294107	Barcode	34	Yes
Pf3D7_11_v3_1935227_R73S_A	120	121	PFA_GRC2	SNP	Pf3D7_11_v3	1935227	T	121	Pf3D7_11_v3:1935227	Barcode	35	Yes
Pf3D7_11_v3_477922_H147Y_A	166	167	PFA_GRC1	SNP	Pf3D7_11_v3	477922	C	167	Pf3D7_11_v3:477922	Barcode	36	Yes
Pf3D7_12_v3_1663492_1014E_A	71	72	PFA_GRC2	SNP	Pf3D7_12_v3	1663492	A	72	Pf3D7_12_v3:1663492	Barcode	37	Yes
Pf3D7_12_v3_2171901_V140D_A	95	96	PFA_GRC1	SNP	Pf3D7_12_v3	2171901	T	96	Pf3D7_12_v3:2171901	Barcode	38	Yes
Pf3D7_13_v3_1233218_N277S_A	193	194	PFA_GRC2	SNP	Pf3D7_13_v3	1233218	T	194	Pf3D7_13_v3:1233218	Barcode	39	Yes
Pf3D7_13_v3_1867630_M4911I	196	197	PFA_GRC1	SNP	Pf3D7_13_v3	1867630	G	197	Pf3D7_13_v3:1867630	Barcode	40	Yes
Pf3D7_13_v3_2377887_2002S_A	146	147	PFA_GRC1	SNP	Pf3D7_13_v3	2377887	C	147	Pf3D7_13_v3:2377887	Barcode	41	Yes
Pf3D7_14_v3_2355751_H1589Q	87	88	PFA_GRC2	SNP	Pf3D7_14_v3	2355751	T	88	Pf3D7_14_v3:2355751	Barcode	42	Yes
Pf3D7_14_v3_3046108_417V_A	173	174	PFA_GRC2	SNP	Pf3D7_14_v3	3046108	C	174	Pf3D7_14_v3:3046108	Barcode	43	Yes
Pf3D7_02_v3_529709_F487L	108	109	PFA_GRC2	SNP	Pf3D7_02_v3	529709	T	109	Pf3D7_02_v3:529709	Barcode	44	Yes
Pf3D7_02_v3_714480_D258G	230	231	PFA_GRC1	SNP	Pf3D7_02_v3	714480	T	231	Pf3D7_02_v3:714480	Barcode	45	Yes
Pf3D7_03_v3_155697_150P_B	103	104	PFA_GRC1	SNP	Pf3D7_03_v3	155697	A	104	Pf3D7_03_v3:155697	Barcode	46	Yes
Pf3D7_04_v3_1037656_2776I	148	149	PFA_GRC1	SNP	Pf3D7_04_v3	1037656	A	149	Pf3D7_04_v3:1037656	Barcode	47	Yes
Pf3D7_04_v3_648101_51V	25	26	PFA_GRC2	SNP	Pf3D7_04_v3	648101	G	26	Pf3D7_04_v3:648101	Barcode	48	Yes
Pf3D7_05_v3_1204155_1338I_A	27	28	PFA_GRC1	SNP	Pf3D7_05_v3	1204155	A	28	Pf3D7_05_v3:1204155	Barcode	49	Yes
Pf3D7_06_v3_1282691_803K_A	42	43	PFA_GRC2	SNP	Pf3D7_06_v3	1282691	G	43	Pf3D7_06_v3:1282691	Barcode	50	Yes
Pf3D7_06_v3_1289212_125T_A	68	69	PFA_GRC1	SNP	Pf3D7_06_v3	1289212	A	69	Pf3D7_06_v3:1289212	Barcode	51	Yes
Pf3D7_07_v3_1066698_G483S_A	81	82	PFA_GRC1	SNP	Pf3D7_07_v3	1066698	G	82	Pf3D7_07_v3:1066698	Barcode	52	Yes
Pf3D7_07_v3_1213486_S543N_A	112	113	PFA_GRC2	SNP	Pf3D7_07_v3	1213486	G	113	Pf3D7_07_v3:1213486	Barcode	53	Yes
Pf3D7_07_v3_704373_389E	49	50	PFA_GRC1	SNP	Pf3D7_07_v3	704373	A	50	Pf3D7_07_v3:704373	Barcode	54	Yes
Pf3D7_08_v3_1313202_799F_A	94	95	PFA_GRC2	SNP	Pf3D7_08_v3	1313202	T	95	Pf3D7_08_v3:1313202	Barcode	55	Yes
Pf3D7_08_v3_339406_1283C_A	41	42	PFA_GRC2	SNP	Pf3D7_08_v3	339406	A	42	Pf3D7_08_v3:339406	Barcode	56	Yes
Pf3D7_08_v3_701557_394G_A	0	0	NONE	SNP	Pf3D7_08_v3	701557	T	0	Pf3D7_08_v3:701557	Barcode	57	No
Pf3D7_09_v3_452690_1018I	153	154	PFA_GRC1	SNP	Pf3D7_09_v3	452690	A	154	Pf3D7_09_v3:452690	Barcode	58	Yes
Pf3D7_09_v3_599655_E654D_A	85	86	PFA_GRC2	SNP	Pf3D7_09_v3	599655	G	86	Pf3D7_09_v3:599655	Barcode	59	Yes
Pf3D7_10_v3_1383789_N114H	61	62	PFA_GRC1	SNP	Pf3D7_10_v3	1383789	A	62	Pf3D7_10_v3:1383789	Barcode	60	Yes
Pf3D7_10_v3_1385894_815P_A	36	37	PFA_GRC2	SNP	Pf3D7_10_v3	1385894	C	37	Pf3D7_10_v3:1385894	Barcode	61	Yes
Pf3D7_11_v3_1006911_D124E_B	40	41	PFA_GRC1	SNP	Pf3D7_11_v3	1006911	A	41	Pf3D7_11_v3:1006911	Barcode	62	Yes
Pf3D7_11_v3_1295068_E405K	22	23	PFA_GRC1	SNP	Pf3D7_11_v3	1295068	G	23	Pf3D7_11_v3:1295068	Barcode	63	Yes
Pf3D7_11_v3_1802201_450S	100	101	PFA_GRC2	SNP	Pf3D7_11_v3	1802201	G	101	Pf3D7_11_v3:1802201	Barcode	64	Yes
Pf3D7_12_v3_1667593_2381N_A	69	70	PFA_GRC1	SNP	Pf3D7_12_v3	1667593	T	70	Pf3D7_12_v3:1667593	Barcode	65	Yes
Pf3D7_12_v3_1934745_241L_A	54	55	PFA_GRC2	SNP	Pf3D7_12_v3	1934745	G	55	Pf3D7_12_v3:1934745	Barcode	66	Yes
Pf3D7_12_v3_858501_Q469K	164	165	PFA_GRC1	SNP	Pf3D7_12_v3	858501	C	165	Pf3D7_12_v3:858501	Barcode	67	Yes
Pf3D7_13_v3_1419519	201	202	PFA_GRC1	SNP	Pf3D7_13_v3	1419519	T	202	Pf3D7_13_v3:1419519	Barcode	68	Yes
Pf3D7_13_v3_159086_21R	168	169	PFA_GRC2	SNP	Pf3D7_13_v3	159086	A	169	Pf3D7_13_v3:159086	Barcode	69	Yes
Pf3D7_13_v3_2161975_D252V	170	171	PFA_GRC2	SNP	Pf3D7_13_v3	2161975	T	171	Pf3D7_13_v3:2161975	Barcode	70	Yes
Pf3D7_13_v3_2573828_I1153M	122	123	PFA_GRC1	SNP	Pf3D7_13_v3	2573828	A	123	Pf3D7_13_v3:2573828	Barcode	71	Yes
Pf3D7_13_v3_388365_S1236R	164	165	PFA_GRC1	SNP	Pf3D7_13_v3	388365	A	165	Pf3D7_13_v3:388365	Barcode	72	Yes
Pf3D7_14_v3_2625887_M238I_A	93	94	PFA_GRC2	SNP	Pf3D7_14_v3	2625887	C	94	Pf3D7_14_v3:2625887	Barcode	73	Yes
Pf3D7_14_v3_3126219	193	194	PFA_GRC1	SNP	Pf3D7_14_v3	3126219	C	194	Pf3D7_14_v3:3126219	Barcode	74	Yes
Pf3D7_14_v3_438592_N348T_A	144	145	PFA_GRC2	SNP	Pf3D7_14_v3	438592	A	145	Pf3D7_14_v3:438592	Barcode	75	Yes
Pf3D7_01_v3_179347_311G_A	72	73	PFA_GRC2	SNP	Pf3D7_01_v3	179347	A	73	Pf3D7_01_v3:179347	Barcode	76	Yes
Pf3D7_01_v3_180554_D714N	114	115	PFA_GRC1	SNP	Pf3D7_01_v3	180554	G	115	Pf3D7_01_v3:180554	Barcode	77	Yes
Pf3D7_01_v3_283144_H664D_A	116	117	PFA_GRC2	SNP	Pf3D7_01_v3	283144	C	117	Pf3D7_01_v3:283144	Barcode	78	Yes
Pf3D7_01_v3_535211_2521F_A	30	31	PFA_GRC1	SNP	Pf3D7_01_v3	535211	C	31	Pf3D7_01_v3:535211	Barcode	79	Yes
Pf3D7_02_v3_839620_260L	176	177	PFA_GRC2	SNP	Pf3D7_02_v3	839620	T	177	Pf3D7_02_v3:839620	Barcode	80	Yes
Pf3D7_04_v3_426436_D560A	182	183	PFA_GRC1	SNP	Pf3D7_04_v3	426436	A	183	Pf3D7_04_v3:426436	Barcode	81	Yes
Pf3D7_04_v3_531138_A992E_A	130	131	PFA_GRC1	SNP	Pf3D7_04_v3	531138	G	131	Pf3D7_04_v3:531138	Barcode	82	Yes
Pf3D7_04_v3_891732_R4468S	135	136	PFA_GRC2	SNP	Pf3D7_04_v3	891732	A	136	Pf3D7_04_v3:891732	Barcode	83	Yes
Pf3D7_05_v3_172801_E218K_A	105	106	PFA_GRC1	SNP	Pf3D7_05_v3	172801	G	106	Pf3D7_05_v3:172801	Barcode	84	Yes
Pf3D7_06_v3_574938_I2934L_A	97	98	PFA_GRC2	SNP	Pf3D7_06_v3	574938	A	98	Pf3D7_06_v3:574938	Barcode	85	Yes
Pf3D7_07_v3_1308383_G1945R	61	62	PFA_GRC2	SNP	Pf3D7_07_v3	1308383	C	62	Pf3D7_07_v3:1308383	Barcode	86	Yes
Pf3D7_07_v3_1358910	97	98	PFA_GRC1	SNP	Pf3D7_07_v3	1358910	A	98	Pf3D7_07_v3:1358910	Barcode	87	Yes
Pf3D7_07_v3_1359218_K388N_A	47	48	PFA_GRC2	SNP	Pf3D7_07_v3	1359218	A	48	Pf3D7_07_v3:1359218	Barcode	88	Yes
Pf3D7_07_v3_635985_T598A	199	200	PFA_GRC2	SNP	Pf3D7_07_v3	635985	T	200	Pf3D7_07_v3:635985	Barcode	89	Yes
Pf3D7_08_v3_1056829_L474I_A	160	161	PFA_GRC1	SNP	Pf3D7_08_v3	1056829	C	161	Pf3D7_08_v3:1056829	Barcode	90	Yes
Pf3D7_08_v3_150033_1315I_A	178	179	PFA_GRC1	SNP	Pf3D7_08_v3	150033	T	179	Pf3D7_08_v3:150033	Barcode	91	Yes
Pf3D7_08_v3_399774_421K_A	22	23	PFA_GRC1	SNP	Pf3D7_08_v3	399774	C	23	Pf3D7_08_v3:399774	Barcode	92	Yes
Pf3D7_09_v3_1379145_R398Q_A	86	87	PFA_GRC2	SNP	Pf3D7_09_v3	1379145	G	87	Pf3D7_09_v3:1379145	Barcode	93	Yes
Pf3D7_10_v3_1386850_927K_A	141	142	PFA_GRC1	SNP	Pf3D7_10_v3	1386850	C	142	Pf3D7_10_v3:1386850	Barcode	94	Yes
Pf3D7_11_v3_1935031_I139L	124	125	PFA_GRC1	SNP	Pf3D7_11_v3	1935031	T	125	Pf3D7_11_v3:1935031	Barcode	95	Yes
Pf3D7_11_v3_408668	142	143	PFA_GRC2	SNP	Pf3D7_11_v3	408668	T	143	Pf3D7_11_v3:408668	Barcode	96	Yes
Pf3D7_11_v3_828596_K240E_A	58	59	PFA_GRC2	SNP	Pf3D7_11_v3	828596	T	59	Pf3D7_11_v3:828596	Barcode	97	Yes
Pf3D7_12_v3_857245_E50G_A	152	153	PFA_GRC2	SNP	Pf3D7_12_v3	857245	A	153	Pf3D7_12_v3:857245	Barcode	98	Yes
Pf3D7_14_v3_107014_215K	154	155	PFA_GRC2	SNP	Pf3D7_14_v3	107014	G	155	Pf3D7_14_v3:107014	Barcode	99	Yes
Pf3D7_14_v3_1757603_D1365G	88	89	PFA_GRC1	SNP	Pf3D7_14_v3	1757603	A	89	Pf3D7_14_v3:1757603	Barcode	100	Yes
Pf3D7_14_v3_2733656_557C_A	91	92	PFA_GRC1	SNP	Pf3D7_14_v3	2733656	C	92	Pf3D7_14_v3:2733656	Barcode	101	Yes